{"RN ten Doeschate":3.4285714285714284,"J Yadav":4.142857142857143,"V Kohli":5.454545454545455,"R Ashwin":5.7,"S Nadeem":5.863636363636364,"MC Henriques":6.038216560509554,"Z Khan":6.038709677419355,"Parvez Rasool":6.2,"MA Starc":6.419117647058823,"Sandeep Sharma":6.752411575562701}